{"cameraMode":{"drawMode":0,"name":"Shaded","section":"Shading Mode"},"sceneLighting":false,"audioPlay":false,"sceneViewState":{"m_AlwaysRefresh":true,"showFog":true,"showSkybox":false,"showFlares":true,"showImageEffects":true,"showParticleSystems":true,"showVisualEffectGraphs":true,"m_FxEnabled":true},"in2DMode":false,"pivot":{"x":0.4951957166194916,"y":-0.41917431354522707,"z":0.02214789390563965},"rotation":{"x":-0.02684534154832363,"y":-0.10566245019435883,"z":-0.002853279933333397,"w":0.9940372109413147},"size":0.9694546461105347,"orthographic":false}