{"cameraMode":{"drawMode":0,"name":"Shaded","section":"Shading Mode"},"sceneLighting":false,"audioPlay":false,"sceneViewState":{"m_AlwaysRefresh":true,"showFog":true,"showSkybox":false,"showFlares":true,"showImageEffects":true,"showParticleSystems":true,"showVisualEffectGraphs":true,"m_FxEnabled":true},"in2DMode":false,"pivot":{"x":0.4177233874797821,"y":1.0646270513534547,"z":-0.0765531063079834},"rotation":{"x":-0.02684534154832363,"y":-0.10566245019435883,"z":-0.002853279933333397,"w":0.9940372109413147},"size":2.83233380317688,"orthographic":false}