{"cameraMode":{"drawMode":0,"name":"Shaded","section":"Shading Mode"},"sceneLighting":false,"audioPlay":false,"sceneViewState":{"m_AlwaysRefresh":true,"showFog":true,"showSkybox":false,"showFlares":true,"showImageEffects":true,"showParticleSystems":true,"showVisualEffectGraphs":true,"m_FxEnabled":true},"in2DMode":false,"pivot":{"x":3.200523614883423,"y":3.5603342056274416,"z":-14.924749374389649},"rotation":{"x":0.18286719918251038,"y":-0.3435664474964142,"z":0.06839408725500107,"w":0.9186137318611145},"size":0.25343260169029238,"orthographic":false}